-- 원격(zzgdrnqecjdsnzohpjoz) 마스터 시드 스냅샷 (2026-07-16)
-- 유저 데이터 테이블 제외. 재실행 안전(ON CONFLICT DO NOTHING).
-- 알려진 갭: 울릉군/독도 미포함(PRD §20) — 섬 도달 규칙 확정 후 별도 마이그레이션으로 추가.

-- pokemon_regions: 9 rows
INSERT INTO "public"."pokemon_regions" ("id", "name") VALUES
(1, '관동지방'),
(2, '성도지방'),
(3, '호연지방'),
(4, '신오지방'),
(5, '하나지방'),
(6, '칼로스지방'),
(7, '알로라지방'),
(8, '가라르지방'),
(9, '팔데아지방')
ON CONFLICT DO NOTHING;

-- provinces: 17 rows
INSERT INTO "public"."provinces" ("id", "name", "region_id", "legendary_dex_no", "is_island_endgame") VALUES
(1, '서울특별시', 1, 150, false),
(2, '부산광역시', 3, 382, false),
(3, '대구광역시', 8, 888, false),
(4, '인천광역시', 1, 151, false),
(5, '광주광역시', 9, 1007, false),
(6, '대전광역시', 5, 643, false),
(7, '울산광역시', 3, 383, false),
(8, '세종특별자치시', 5, 644, false),
(9, '경기도', 1, 144, false),
(10, '강원도', 4, 483, false),
(11, '충청북도', 2, 249, false),
(12, '충청남도', 5, 646, false),
(13, '전라북도', 6, 716, false),
(14, '전라남도', 9, 1008, false),
(15, '경상북도', 8, 889, false),
(16, '경상남도', 3, 384, false),
(17, '제주도', 7, 787, true)
ON CONFLICT DO NOTHING;

-- living_areas: 원격에 없는 컬럼 region_id_override → 로컬 default/NULL 사용
-- living_areas: 37 rows
INSERT INTO "public"."living_areas" ("id", "province_id", "name", "color", "is_endgame_area") VALUES
(1, 1, '서울특별시', '#AD2828', false),
(2, 2, '부산광역시', '#28AD4F', false),
(3, 3, '대구광역시', '#7628AD', false),
(4, 4, '인천광역시', '#AD9C28', false),
(5, 5, '광주광역시', '#2897AD', false),
(6, 6, '대전광역시', '#AD2870', false),
(7, 7, '울산광역시', '#49AD28', false),
(8, 8, '세종특별자치시', '#2E28AD', false),
(9, 9, '남부권', '#D37546', false),
(10, 9, '동부권', '#B05629', false),
(11, 9, '북부권', '#7B3C1D', false),
(12, 9, '서부권', '#DF9C7A', false),
(13, 10, '영동권', '#7ADFBA', false),
(14, 10, '영서권', '#1D7B58', false),
(15, 11, '남부권', '#D77ADF', false),
(16, 11, '북부권', '#741D7B', false),
(17, 12, '남부권', '#CADF7A', false),
(18, 12, '북부권', '#687B1D', false),
(19, 12, '중부권', '#A9CA2F', false),
(20, 13, '남부권', '#7AADDF', false),
(21, 13, '북부권', '#1D4C7B', false),
(22, 14, '남부권', '#DF7A8F', false),
(23, 14, '동부권', '#7B1D30', false),
(24, 14, '북부권', '#D34663', false),
(25, 14, '서부권', '#B02945', false),
(26, 15, '남부권', '#7ADF83', false),
(27, 15, '동해안권', '#29B034', false),
(28, 15, '북부권', '#1D7B25', false),
(29, 15, '서부권', '#46D352', false),
(30, 16, '남해안권', '#5C29B0', false),
(31, 16, '동부권', '#401D7B', false),
(32, 16, '북부권', '#A07ADF', false),
(33, 16, '서부권', '#7B46D3', false),
(34, 17, '서귀포시', '#DFBE7A', false),
(35, 17, '제주시', '#7B5C1D', false),
(36, 4, '옹진군', '#2FA6A6', true),
(37, 15, '울릉권', '#7B4FCF', true)
ON CONFLICT DO NOTHING;

-- cities: 163 rows
INSERT INTO "public"."cities" ("id", "living_area_id", "name", "centroid", "is_legendary_site") VALUES
(1, 1, '서울특별시', '(126.991798,37.55189)', true),
(2, 2, '부산광역시', '(129.058898,35.199841)', true),
(3, 3, '대구광역시', '(128.565377,35.829812)', true),
(4, 4, '인천광역시', '(126.380364,37.578918)', true),
(5, 5, '광주광역시', '(126.835443,35.15573)', true),
(6, 6, '대전광역시', '(127.394081,36.339845)', true),
(7, 7, '울산광역시', '(129.238365,35.553734)', true),
(8, 8, '세종특별자치시', '(127.258755,36.560603)', true),
(9, 9, '군포시', '(126.921182,37.34347)', false),
(10, 9, '성남시', '(127.116273,37.407359)', false),
(11, 9, '수원시', '(127.00771,37.280382)', true),
(12, 9, '안성시', '(127.302819,37.035021)', false),
(13, 9, '오산시', '(127.051194,37.163276)', false),
(14, 9, '용인시', '(127.22168,37.221539)', false),
(15, 9, '의왕시', '(126.989534,37.362313)', false),
(16, 9, '평택시', '(126.993464,37.015443)', false),
(17, 9, '화성시', '(126.868781,37.16759)', false),
(18, 10, '가평군', '(127.450182,37.818556)', false),
(19, 10, '광주시', '(127.30116,37.403075)', false),
(20, 10, '양평군', '(127.579203,37.51802)', false),
(21, 10, '여주시', '(127.615661,37.302479)', false),
(22, 10, '이천시', '(127.480898,37.209854)', false),
(23, 10, '하남시', '(127.205918,37.522804)', false),
(24, 11, '고양시', '(126.836925,37.664964)', false),
(25, 11, '구리시', '(127.131219,37.599215)', false),
(26, 11, '김포시', '(126.626282,37.681643)', false),
(27, 11, '남양주시', '(127.243632,37.662536)', false),
(28, 11, '동두천시', '(127.077931,37.916535)', false),
(29, 11, '양주시', '(127.001155,37.808646)', false),
(30, 11, '연천군', '(127.023936,38.097092)', false),
(31, 11, '의정부시', '(127.068442,37.736228)', false),
(32, 11, '파주시', '(126.80958,37.855537)', false),
(33, 11, '포천시', '(127.250449,37.969923)', false),
(34, 12, '과천시', '(127.002724,37.433905)', false),
(35, 12, '광명시', '(126.864721,37.445151)', false),
(36, 12, '부천시', '(126.788749,37.504226)', false),
(37, 12, '시흥시', '(126.783635,37.386119)', false),
(38, 12, '안산시', '(126.746898,37.290784)', false),
(39, 12, '안양시', '(126.927892,37.402662)', false),
(40, 13, '강릉시', '(128.832432,37.709243)', true),
(41, 13, '고성군(강원)', '(128.399804,38.377406)', false),
(42, 13, '동해시', '(129.05581,37.506883)', false),
(43, 13, '삼척시', '(129.122032,37.277527)', false),
(44, 13, '속초시', '(128.519633,38.176066)', false),
(45, 13, '양양군', '(128.595302,38.004616)', false),
(46, 13, '영월군', '(128.500145,37.20397)', false),
(47, 13, '정선군', '(128.739034,37.378796)', false),
(48, 13, '태백시', '(128.980106,37.172351)', false),
(49, 13, '평창군', '(128.482762,37.55701)', false),
(50, 14, '양구군', '(128.001233,38.178116)', false),
(51, 14, '원주시', '(127.929521,37.308289)', false),
(52, 14, '인제군', '(128.263316,38.068981)', false),
(53, 14, '철원군', '(127.413522,38.243782)', false),
(54, 14, '춘천시', '(127.739968,37.889872)', false),
(55, 14, '홍천군', '(128.07446,37.744865)', false),
(56, 14, '화천군', '(127.685176,38.138433)', false),
(57, 14, '횡성군', '(128.077132,37.509006)', false),
(58, 15, '보은군', '(127.72935,36.489965)', true),
(59, 15, '영동군', '(127.814285,36.159676)', false),
(60, 15, '옥천군', '(127.656598,36.320443)', false),
(61, 16, '괴산군', '(127.829556,36.769696)', false),
(62, 16, '단양군', '(128.387884,36.994506)', false),
(63, 16, '음성군', '(127.614195,36.976248)', false),
(64, 16, '제천시', '(128.140859,37.060035)', false),
(65, 16, '증평군', '(127.604606,36.786564)', false),
(66, 16, '진천군', '(127.440437,36.871011)', false),
(67, 16, '청주시', '(127.498742,36.627327)', false),
(68, 16, '충주시', '(127.895551,37.015223)', false),
(69, 17, '금산군', '(127.478351,36.119018)', false),
(70, 17, '보령시', '(126.590545,36.339831)', true),
(71, 17, '서천군', '(126.703726,36.106785)', false),
(72, 18, '당진시', '(126.652127,36.904498)', false),
(73, 18, '서산시', '(126.463201,36.784731)', false),
(74, 18, '아산시', '(126.980052,36.807372)', false),
(75, 18, '예산군', '(126.784216,36.670611)', false),
(76, 18, '천안시', '(127.202537,36.804121)', false),
(77, 18, '태안군', '(126.27918,36.707398)', false),
(78, 18, '홍성군', '(126.625682,36.570056)', false),
(79, 19, '계룡시', '(127.234463,36.291679)', false),
(80, 19, '공주시', '(127.075047,36.479904)', false),
(81, 19, '논산시', '(127.157756,36.190938)', false),
(82, 19, '부여군', '(126.856954,36.246382)', false),
(83, 19, '청양군', '(126.853028,36.43056)', false),
(84, 20, '남원시', '(127.441957,35.422512)', true),
(85, 20, '무주군', '(127.71295,35.939357)', false),
(86, 20, '순창군', '(127.090068,35.433616)', false),
(87, 20, '임실군', '(127.236649,35.598237)', false),
(88, 20, '장수군', '(127.54437,35.657571)', false),
(89, 20, '정읍시', '(126.905887,35.602657)', false),
(90, 20, '진안군', '(127.430065,35.828882)', false),
(91, 21, '고창군', '(126.615835,35.449055)', false),
(92, 21, '군산시', '(126.718578,35.948811)', false),
(93, 21, '김제시', '(126.896072,35.806855)', false),
(94, 21, '부안군', '(126.642165,35.677611)', false),
(95, 21, '완주군', '(127.215224,35.918766)', false),
(96, 21, '익산시', '(126.98949,36.023174)', false),
(97, 21, '전주시', '(127.115798,35.828243)', false),
(98, 22, '강진군', '(126.772191,34.620307)', false),
(99, 22, '완도군', '(126.778474,34.294514)', false),
(100, 22, '장흥군', '(126.922001,34.675282)', false),
(101, 22, '진도군', '(126.211021,34.436564)', false),
(102, 22, '해남군', '(126.511348,34.558568)', true),
(103, 23, '고흥군', '(127.314998,34.598148)', false),
(104, 23, '광양시', '(127.655312,35.020067)', false),
(105, 23, '구례군', '(127.503115,35.236794)', false),
(106, 23, '보성군', '(127.162568,34.814285)', false),
(107, 23, '순천시', '(127.389402,34.994525)', false),
(108, 23, '여수시', '(127.652455,34.694542)', false),
(109, 24, '곡성군', '(127.263545,35.216599)', false),
(110, 24, '나주시', '(126.720428,34.988607)', false),
(111, 24, '담양군', '(126.995271,35.291537)', false),
(112, 24, '영암군', '(126.626193,34.796968)', false),
(113, 24, '화순군', '(127.033527,35.008202)', false),
(114, 25, '목포시', '(126.390468,34.802815)', false),
(115, 25, '무안군', '(126.425211,34.953744)', false),
(116, 25, '신안군', '(126.042304,34.809752)', false),
(117, 25, '영광군', '(126.450314,35.279024)', false),
(118, 25, '장성군', '(126.768606,35.329608)', false),
(119, 25, '함평군', '(126.535484,35.112679)', false),
(120, 26, '경산시', '(128.809066,35.834112)', true),
(121, 26, '영천시', '(128.942638,36.015832)', false),
(122, 26, '청도군', '(128.786508,35.672904)', false),
(123, 27, '경주시', '(129.236017,35.826641)', false),
(124, 27, '영덕군', '(129.317643,36.482469)', false),
(125, 37, '울릉군', '(130.863646,37.501919)', false),
(126, 27, '울진군', '(129.312401,36.904083)', false),
(127, 27, '포항시', '(129.305362,36.092882)', false),
(128, 28, '문경시', '(128.148703,36.690784)', false),
(129, 28, '봉화군', '(128.912993,36.934186)', false),
(130, 28, '상주시', '(128.066998,36.429568)', false),
(131, 28, '안동시', '(128.779997,36.5803)', false),
(132, 28, '영양군', '(129.145017,36.696418)', false),
(133, 28, '영주시', '(128.597646,36.870543)', false),
(134, 28, '예천군', '(128.42244,36.653875)', false),
(135, 28, '의성군', '(128.615011,36.36201)', false),
(136, 28, '청송군', '(129.057439,36.357047)', false),
(137, 29, '고령군', '(128.306768,35.737234)', false),
(138, 29, '구미시', '(128.355468,36.207345)', false),
(139, 29, '군위군', '(128.648074,36.170137)', false),
(140, 29, '김천시', '(128.077834,36.060501)', false),
(141, 29, '성주군', '(128.233347,35.907249)', false),
(142, 29, '칠곡군', '(128.462553,36.015491)', false),
(143, 30, '거제시', '(128.623473,34.870165)', false),
(144, 30, '고성군(경남)', '(128.290592,35.015967)', false),
(145, 30, '남해군', '(127.941675,34.817835)', false),
(146, 30, '사천시', '(128.037349,35.0494)', false),
(147, 30, '통영시', '(128.374134,34.824888)', true),
(148, 31, '김해시', '(128.845213,35.272175)', false),
(149, 31, '양산시', '(129.041045,35.401893)', false),
(150, 31, '창원시', '(128.600069,35.201525)', false),
(151, 32, '밀양시', '(128.789677,35.498508)', false),
(152, 32, '창녕군', '(128.49294,35.508336)', false),
(153, 33, '거창군', '(127.90412,35.732575)', false),
(154, 33, '산청군', '(127.884359,35.368625)', false),
(155, 33, '의령군', '(128.277133,35.392437)', false),
(156, 33, '진주시', '(128.129827,35.205156)', false),
(157, 33, '하동군', '(127.779213,35.137338)', false),
(158, 33, '함안군', '(128.430865,35.290983)', false),
(159, 33, '함양군', '(127.722068,35.551738)', false),
(160, 33, '합천군', '(128.141575,35.576655)', false),
(161, 34, '서귀포시', '(126.581134,33.324344)', true),
(162, 35, '제주시', '(126.529292,33.442942)', false),
(163, 36, '옹진군', '(125.6975,37.6656)', false)
ON CONFLICT DO NOTHING;

-- city_connections: 411 rows
INSERT INTO "public"."city_connections" ("city_a_id", "city_b_id") VALUES
(1, 4),
(1, 10),
(1, 23),
(1, 24),
(1, 25),
(1, 26),
(1, 27),
(1, 29),
(1, 31),
(1, 34),
(1, 35),
(1, 36),
(1, 39),
(2, 7),
(2, 148),
(2, 149),
(2, 150),
(3, 120),
(3, 121),
(3, 122),
(3, 137),
(3, 139),
(3, 141),
(3, 142),
(3, 152),
(4, 26),
(4, 36),
(4, 37),
(5, 110),
(5, 111),
(5, 113),
(5, 118),
(5, 119),
(6, 8),
(6, 58),
(6, 60),
(6, 67),
(6, 69),
(6, 79),
(6, 80),
(6, 81),
(7, 122),
(7, 123),
(7, 149),
(7, 151),
(8, 67),
(8, 76),
(8, 80),
(9, 15),
(9, 38),
(9, 39),
(10, 14),
(10, 15),
(10, 19),
(10, 23),
(10, 34),
(11, 14),
(11, 15),
(11, 17),
(11, 38),
(12, 14),
(12, 16),
(12, 22),
(12, 63),
(12, 66),
(12, 76),
(13, 16),
(13, 17),
(14, 15),
(14, 16),
(14, 17),
(14, 19),
(14, 22),
(15, 34),
(15, 38),
(15, 39),
(16, 17),
(16, 72),
(16, 74),
(16, 76),
(17, 38),
(18, 20),
(18, 27),
(18, 33),
(18, 54),
(18, 55),
(18, 56),
(19, 20),
(19, 21),
(19, 22),
(19, 23),
(19, 27),
(20, 21),
(20, 27),
(20, 51),
(20, 55),
(20, 57),
(21, 22),
(21, 51),
(21, 63),
(21, 68),
(22, 63),
(23, 25),
(23, 27),
(24, 26),
(24, 29),
(24, 32),
(25, 27),
(26, 32),
(27, 31),
(27, 33),
(28, 29),
(28, 30),
(28, 33),
(29, 30),
(29, 31),
(29, 32),
(29, 33),
(30, 32),
(30, 33),
(30, 53),
(31, 33),
(33, 53),
(33, 56),
(34, 39),
(35, 36),
(35, 37),
(35, 39),
(36, 37),
(37, 38),
(37, 39),
(38, 39),
(40, 42),
(40, 45),
(40, 47),
(40, 49),
(40, 55),
(41, 44),
(41, 52),
(42, 43),
(42, 47),
(43, 47),
(43, 48),
(43, 126),
(43, 129),
(44, 45),
(44, 52),
(45, 52),
(45, 55),
(46, 47),
(46, 48),
(46, 49),
(46, 51),
(46, 57),
(46, 62),
(46, 64),
(46, 129),
(46, 133),
(47, 48),
(47, 49),
(48, 129),
(49, 55),
(49, 57),
(50, 52),
(50, 53),
(50, 54),
(50, 56),
(51, 57),
(51, 64),
(51, 68),
(52, 54),
(52, 55),
(53, 56),
(54, 55),
(54, 56),
(55, 57),
(58, 60),
(58, 61),
(58, 67),
(58, 130),
(59, 60),
(59, 69),
(59, 85),
(59, 130),
(59, 140),
(60, 69),
(60, 130),
(61, 63),
(61, 65),
(61, 67),
(61, 68),
(61, 128),
(61, 130),
(62, 64),
(62, 128),
(62, 133),
(62, 134),
(63, 65),
(63, 66),
(63, 68),
(64, 68),
(64, 128),
(65, 66),
(65, 67),
(66, 67),
(66, 76),
(67, 76),
(68, 128),
(69, 81),
(69, 85),
(69, 90),
(69, 95),
(70, 71),
(70, 78),
(70, 82),
(70, 83),
(71, 82),
(71, 92),
(71, 96),
(72, 73),
(72, 74),
(72, 75),
(73, 75),
(73, 77),
(73, 78),
(74, 75),
(74, 76),
(74, 80),
(75, 78),
(75, 80),
(75, 83),
(76, 80),
(78, 83),
(79, 80),
(79, 81),
(80, 81),
(80, 82),
(80, 83),
(81, 82),
(81, 95),
(81, 96),
(82, 83),
(82, 96),
(84, 86),
(84, 87),
(84, 88),
(84, 105),
(84, 109),
(84, 157),
(84, 159),
(85, 88),
(85, 90),
(85, 140),
(85, 153),
(86, 87),
(86, 89),
(86, 109),
(86, 111),
(86, 118),
(87, 88),
(87, 89),
(87, 90),
(87, 95),
(88, 90),
(88, 153),
(88, 159),
(89, 91),
(89, 93),
(89, 94),
(89, 95),
(89, 118),
(90, 95),
(91, 94),
(91, 117),
(91, 118),
(92, 93),
(92, 94),
(92, 96),
(93, 94),
(93, 95),
(93, 96),
(93, 97),
(95, 96),
(95, 97),
(96, 97),
(98, 100),
(98, 102),
(98, 112),
(99, 102),
(100, 106),
(100, 112),
(100, 113),
(101, 102),
(102, 112),
(103, 106),
(104, 105),
(104, 107),
(104, 108),
(104, 157),
(105, 107),
(105, 109),
(105, 157),
(106, 107),
(106, 113),
(107, 108),
(107, 109),
(107, 113),
(109, 111),
(109, 113),
(110, 112),
(110, 113),
(110, 115),
(110, 119),
(111, 113),
(111, 118),
(112, 113),
(112, 114),
(112, 115),
(114, 115),
(115, 116),
(115, 119),
(117, 118),
(117, 119),
(118, 119),
(120, 121),
(120, 122),
(121, 122),
(121, 123),
(121, 127),
(121, 136),
(121, 139),
(122, 123),
(122, 151),
(122, 152),
(123, 127),
(124, 126),
(124, 127),
(124, 132),
(124, 136),
(126, 129),
(126, 132),
(127, 136),
(128, 130),
(128, 134),
(129, 131),
(129, 132),
(129, 133),
(130, 134),
(130, 135),
(130, 138),
(130, 140),
(131, 132),
(131, 133),
(131, 134),
(131, 135),
(131, 136),
(132, 136),
(133, 134),
(134, 135),
(135, 136),
(135, 138),
(135, 139),
(136, 139),
(137, 141),
(137, 152),
(137, 160),
(138, 139),
(138, 140),
(138, 142),
(139, 142),
(140, 141),
(140, 142),
(140, 153),
(141, 142),
(141, 153),
(141, 160),
(143, 147),
(144, 146),
(144, 147),
(144, 150),
(144, 156),
(145, 157),
(146, 156),
(146, 157),
(148, 149),
(148, 150),
(148, 151),
(149, 151),
(150, 151),
(150, 152),
(150, 156),
(150, 158),
(151, 152),
(152, 155),
(152, 158),
(152, 160),
(153, 154),
(153, 159),
(153, 160),
(154, 155),
(154, 156),
(154, 157),
(154, 159),
(154, 160),
(155, 156),
(155, 158),
(155, 160),
(156, 157),
(156, 158),
(157, 159),
(161, 162)
ON CONFLICT DO NOTHING;

-- pokemon_species: 399 rows
INSERT INTO "public"."pokemon_species" ("dex_no", "name_en", "name_kr", "type1", "type2", "bst", "flavor_text") VALUES
(1, 'bulbasaur', '이상해씨', 'grass', 'poison', 318, NULL),
(3, 'venusaur', '이상해꽃', 'grass', 'poison', 525, NULL),
(4, 'charmander', '파이리', 'fire', NULL, 309, NULL),
(6, 'charizard', '리자몽', 'fire', 'flying', 534, NULL),
(9, 'blastoise', '거북왕', 'water', NULL, 530, NULL),
(10, 'caterpie', '캐터피', 'bug', NULL, 195, NULL),
(12, 'butterfree', '버터플', 'bug', 'flying', 395, NULL),
(13, 'weedle', '뿔충이', 'bug', 'poison', 195, NULL),
(15, 'beedrill', '독침붕', 'bug', 'poison', 395, NULL),
(16, 'pidgey', '구구', 'normal', 'flying', 251, NULL),
(18, 'pidgeot', '피죤투', 'normal', 'flying', 479, NULL),
(19, 'rattata', '꼬렛', 'normal', NULL, 253, NULL),
(20, 'raticate', '레트라', 'normal', NULL, 413, NULL),
(25, 'pikachu', '피카츄', 'electric', NULL, 320, NULL),
(29, 'nidoran-f', '니드런♀', 'poison', NULL, 275, NULL),
(31, 'nidoqueen', '니드퀸', 'poison', 'ground', 505, NULL),
(32, 'nidoran-m', '니드런♂', 'poison', NULL, 273, NULL),
(34, 'nidoking', '니드킹', 'poison', 'ground', 505, NULL),
(35, 'clefairy', '삐삐', 'fairy', NULL, 323, NULL),
(36, 'clefable', '픽시', 'fairy', NULL, 483, NULL),
(37, 'vulpix', '식스테일', 'fire', NULL, 299, NULL),
(38, 'ninetales', '나인테일', 'fire', NULL, 505, NULL),
(43, 'oddish', '뚜벅쵸', 'grass', 'poison', 320, NULL),
(45, 'vileplume', '라플레시아', 'grass', 'poison', 490, NULL),
(52, 'meowth', '나옹', 'normal', NULL, 290, NULL),
(53, 'persian', '페르시온', 'normal', NULL, 440, NULL),
(54, 'psyduck', '고라파덕', 'water', NULL, 320, NULL),
(55, 'golduck', '골덕', 'water', NULL, 500, NULL),
(56, 'mankey', '망키', 'fighting', NULL, 305, NULL),
(57, 'primeape', '성원숭', 'fighting', NULL, 455, NULL),
(58, 'growlithe', '가디', 'fire', NULL, 350, NULL),
(59, 'arcanine', '윈디', 'fire', NULL, 555, NULL),
(60, 'poliwag', '발챙이', 'water', NULL, 300, NULL),
(62, 'poliwrath', '강챙이', 'water', 'fighting', 510, NULL),
(63, 'abra', '캐이시', 'psychic', NULL, 310, NULL),
(64, 'kadabra', '윤겔라', 'psychic', NULL, 400, NULL),
(65, 'alakazam', '후딘', 'psychic', NULL, 500, NULL),
(66, 'machop', '알통몬', 'fighting', NULL, 305, NULL),
(68, 'machamp', '괴력몬', 'fighting', NULL, 505, NULL),
(69, 'bellsprout', '모다피', 'grass', 'poison', 300, NULL),
(70, 'weepinbell', '우츠동', 'grass', 'poison', 390, NULL),
(72, 'tentacool', '왕눈해', 'water', 'poison', 335, NULL),
(73, 'tentacruel', '독파리', 'water', 'poison', 515, NULL),
(74, 'geodude', '꼬마돌', 'rock', 'ground', 300, NULL),
(76, 'golem', '딱구리', 'rock', 'ground', 495, NULL),
(77, 'ponyta', '포니타', 'fire', NULL, 410, NULL),
(78, 'rapidash', '날쌩마', 'fire', NULL, 500, NULL),
(79, 'slowpoke', '야돈', 'water', 'psychic', 315, NULL),
(80, 'slowbro', '야도란', 'water', 'psychic', 490, NULL),
(81, 'magnemite', '코일', 'electric', 'steel', 325, NULL),
(82, 'magneton', '레어코일', 'electric', 'steel', 465, NULL),
(84, 'doduo', '두두', 'normal', 'flying', 310, NULL),
(85, 'dodrio', '두트리오', 'normal', 'flying', 470, NULL),
(92, 'gastly', '고오스', 'ghost', 'poison', 310, NULL),
(94, 'gengar', '팬텀', 'ghost', 'poison', 500, NULL),
(108, 'lickitung', '내루미', 'normal', NULL, 385, NULL),
(116, 'horsea', '쏘드라', 'water', NULL, 295, NULL),
(123, 'scyther', '스라크', 'bug', 'flying', 500, NULL),
(124, 'jynx', '루주라', 'ice', 'psychic', 455, NULL),
(129, 'magikarp', '잉어킹', 'water', NULL, 200, NULL),
(130, 'gyarados', '갸라도스', 'water', 'flying', 540, NULL),
(131, 'lapras', '라프라스', 'water', 'ice', 535, NULL),
(133, 'eevee', '이브이', 'normal', NULL, 325, NULL),
(143, 'snorlax', '잠만보', 'normal', NULL, 540, NULL),
(144, 'articuno', '프리져', 'ice', 'flying', 580, NULL),
(147, 'dratini', '미뇽', 'dragon', NULL, 300, NULL),
(149, 'dragonite', '망나뇽', 'dragon', 'flying', 600, NULL),
(150, 'mewtwo', '뮤츠', 'psychic', NULL, 680, NULL),
(151, 'mew', '뮤', 'psychic', NULL, 600, NULL),
(152, 'chikorita', '치코리타', 'grass', NULL, 318, NULL),
(154, 'meganium', '메가니움', 'grass', NULL, 525, NULL),
(155, 'cyndaquil', '브케인', 'fire', NULL, 309, NULL),
(157, 'typhlosion', '블레이범', 'fire', NULL, 534, NULL),
(158, 'totodile', '리아코', 'water', NULL, 314, NULL),
(160, 'feraligatr', '장크로다일', 'water', NULL, 530, NULL),
(181, 'ampharos', '전룡', 'electric', NULL, 510, NULL),
(196, 'espeon', '에브이', 'psychic', NULL, 525, NULL),
(197, 'umbreon', '블래키', 'dark', NULL, 525, NULL),
(200, 'misdreavus', '무우마', 'ghost', NULL, 435, NULL),
(212, 'scizor', '핫삼', 'bug', 'steel', 500, NULL),
(214, 'heracross', '헤라크로스', 'bug', 'fighting', 500, NULL),
(227, 'skarmory', '무장조', 'steel', 'flying', 465, NULL),
(230, 'kingdra', '킹드라', 'water', 'dragon', 540, NULL),
(241, 'miltank', '밀탱크', 'normal', NULL, 490, NULL),
(246, 'larvitar', '애버라스', 'rock', 'ground', 300, NULL),
(248, 'tyranitar', '마기라스', 'rock', 'dark', 600, NULL),
(249, 'lugia', '루기아', 'psychic', 'flying', 680, NULL),
(252, 'treecko', '나무지기', 'grass', NULL, 310, NULL),
(254, 'sceptile', '나무킹', 'grass', NULL, 530, NULL),
(255, 'torchic', '아차모', 'fire', NULL, 310, NULL),
(257, 'blaziken', '번치코', 'fire', 'fighting', 530, NULL),
(258, 'mudkip', '물짱이', 'water', NULL, 310, NULL),
(260, 'swampert', '대짱이', 'water', 'ground', 535, NULL),
(270, 'lotad', '연꽃몬', 'water', 'grass', 220, NULL),
(272, 'ludicolo', '로파파', 'water', 'grass', 480, NULL),
(273, 'seedot', '도토링', 'grass', NULL, 220, NULL),
(275, 'shiftry', '다탱구', 'grass', 'dark', 480, NULL),
(282, 'gardevoir', '가디안', 'psychic', 'fairy', 518, NULL),
(285, 'shroomish', '버섯꼬', 'grass', NULL, 295, NULL),
(286, 'breloom', '버섯모', 'grass', 'fighting', 460, NULL),
(287, 'slakoth', '게을로', 'normal', NULL, 280, NULL),
(289, 'slaking', '게을킹', 'normal', NULL, 670, NULL),
(290, 'nincada', '토중몬', 'bug', 'ground', 266, NULL),
(291, 'ninjask', '아이스크', 'bug', 'flying', 456, NULL),
(292, 'shedinja', '껍질몬', 'bug', 'ghost', 236, NULL),
(296, 'makuhita', '마크탕', 'fighting', NULL, 237, NULL),
(297, 'hariyama', '하리뭉', 'fighting', NULL, 474, NULL),
(302, 'sableye', '깜까미', 'dark', 'ghost', 380, NULL),
(303, 'mawile', '입치트', 'steel', 'fairy', 380, NULL),
(304, 'aron', '가보리', 'steel', 'rock', 330, NULL),
(306, 'aggron', '보스로라', 'steel', 'rock', 530, NULL),
(307, 'meditite', '요가랑', 'fighting', 'psychic', 280, NULL),
(308, 'medicham', '요가램', 'fighting', 'psychic', 410, NULL),
(309, 'electrike', '썬더라이', 'electric', NULL, 295, NULL),
(310, 'manectric', '썬더볼트', 'electric', NULL, 475, NULL),
(318, 'carvanha', '샤프니아', 'water', 'dark', 305, NULL),
(319, 'sharpedo', '샤크니아', 'water', 'dark', 460, NULL),
(320, 'wailmer', '고래왕자', 'water', NULL, 400, NULL),
(321, 'wailord', '고래왕', 'water', NULL, 500, NULL),
(322, 'numel', '둔타', 'fire', 'ground', 305, NULL),
(323, 'camerupt', '폭타', 'fire', 'ground', 460, NULL),
(324, 'torkoal', '코터스', 'fire', NULL, 470, NULL),
(328, 'trapinch', '톱치', 'ground', NULL, 290, NULL),
(330, 'flygon', '플라이곤', 'ground', 'dragon', 520, NULL),
(331, 'cacnea', '선인왕', 'grass', NULL, 335, NULL),
(332, 'cacturne', '밤선인', 'grass', 'dark', 475, NULL),
(333, 'swablu', '파비코', 'normal', 'flying', 310, NULL),
(334, 'altaria', '파비코리', 'dragon', 'flying', 490, NULL),
(335, 'zangoose', '쟝고', 'normal', NULL, 458, NULL),
(336, 'seviper', '세비퍼', 'poison', NULL, 458, NULL),
(341, 'corphish', '가재군', 'water', NULL, 308, NULL),
(342, 'crawdaunt', '가재장군', 'water', 'dark', 468, NULL),
(343, 'baltoy', '오뚝군', 'ground', 'psychic', 300, NULL),
(344, 'claydol', '점토도리', 'ground', 'psychic', 500, NULL),
(349, 'feebas', '빈티나', 'water', NULL, 200, NULL),
(350, 'milotic', '밀로틱', 'water', NULL, 540, NULL),
(352, 'kecleon', '켈리몬', 'normal', NULL, 440, NULL),
(353, 'shuppet', '어둠대신', 'ghost', NULL, 295, NULL),
(354, 'banette', '다크펫', 'ghost', NULL, 455, NULL),
(355, 'duskull', '해골몽', 'ghost', NULL, 295, NULL),
(356, 'dusclops', '미라몽', 'ghost', NULL, 455, NULL),
(359, 'absol', '앱솔', 'dark', NULL, 465, NULL),
(361, 'snorunt', '눈꼬마', 'ice', NULL, 300, NULL),
(362, 'glalie', '얼음귀신', 'ice', NULL, 480, NULL),
(363, 'spheal', '대굴레오', 'ice', 'water', 290, NULL),
(365, 'walrein', '씨카이저', 'ice', 'water', 530, NULL),
(371, 'bagon', '아공이', 'dragon', NULL, 300, NULL),
(373, 'salamence', '보만다', 'dragon', 'flying', 600, NULL),
(374, 'beldum', '메탕', 'steel', 'psychic', 300, NULL),
(376, 'metagross', '메타그로스', 'steel', 'psychic', 600, NULL),
(382, 'kyogre', '가이오가', 'water', NULL, 670, NULL),
(383, 'groudon', '그란돈', 'ground', NULL, 670, NULL),
(384, 'rayquaza', '레쿠쟈', 'dragon', 'flying', 680, NULL),
(387, 'turtwig', '모부기', 'grass', NULL, 318, NULL),
(389, 'torterra', '토대부기', 'grass', 'ground', 525, NULL),
(390, 'chimchar', '불꽃숭이', 'fire', NULL, 309, NULL),
(392, 'infernape', '초염몽', 'fire', 'fighting', 534, NULL),
(393, 'piplup', '팽도리', 'water', NULL, 314, NULL),
(395, 'empoleon', '엠페르트', 'water', 'steel', 530, NULL),
(398, 'staraptor', '찌르호크', 'normal', 'flying', 485, NULL),
(403, 'shinx', '꼬링크', 'electric', NULL, 263, NULL),
(405, 'luxray', '렌트라', 'electric', NULL, 523, NULL),
(406, 'budew', '꼬몽울', 'grass', 'poison', 280, NULL),
(407, 'roserade', '로즈레이드', 'grass', 'poison', 515, NULL),
(410, 'shieldon', '방패톱스', 'rock', 'steel', 350, NULL),
(411, 'bastiodon', '바리톱스', 'rock', 'steel', 495, NULL),
(422, 'shellos', '깝질무', 'water', NULL, 325, NULL),
(423, 'gastrodon', '트리토돈', 'water', 'ground', 475, NULL),
(425, 'drifloon', '흔들풍손', 'ghost', 'flying', 348, NULL),
(426, 'drifblim', '둥실라이드', 'ghost', 'flying', 498, NULL),
(429, 'mismagius', '무우마직', 'ghost', NULL, 495, NULL),
(443, 'gible', '딥상어동', 'dragon', 'ground', 300, NULL),
(445, 'garchomp', '한카리아스', 'dragon', 'ground', 600, NULL),
(448, 'lucario', '루카리오', 'fighting', 'steel', 525, NULL),
(483, 'dialga', '디아루가', 'steel', 'dragon', 680, NULL),
(495, 'snivy', '주리비얀', 'grass', NULL, 308, NULL),
(497, 'serperior', '샤로다', 'grass', NULL, 528, NULL),
(498, 'tepig', '뚜꾸리', 'fire', NULL, 308, NULL),
(500, 'emboar', '염무왕', 'fire', 'fighting', 528, NULL),
(501, 'oshawott', '수댕이', 'water', NULL, 308, NULL),
(503, 'samurott', '대검귀', 'water', NULL, 528, NULL),
(522, 'blitzle', '줄뮤마', 'electric', NULL, 295, NULL),
(523, 'zebstrika', '제브라이카', 'electric', NULL, 497, NULL),
(527, 'woobat', '또르박쥐', 'psychic', 'flying', 323, NULL),
(528, 'swoobat', '맘박쥐', 'psychic', 'flying', 425, NULL),
(530, 'excadrill', '몰드류', 'ground', 'steel', 508, NULL),
(538, 'throh', '던지미', 'fighting', NULL, 465, NULL),
(551, 'sandile', '깜눈크', 'ground', 'dark', 292, NULL),
(553, 'krookodile', '악비아르', 'ground', 'dark', 519, NULL),
(554, 'darumaka', '달막화', 'fire', NULL, 315, NULL),
(555, 'darmanitan-standard', '불비달마', 'fire', NULL, 480, NULL),
(559, 'scraggy', '곤율랭', 'dark', 'fighting', 348, NULL),
(560, 'scrafty', '곤율거니', 'dark', 'fighting', 488, NULL),
(561, 'sigilyph', '심보러', 'psychic', 'flying', 490, NULL),
(562, 'yamask', '데스마스', 'ghost', NULL, 303, NULL),
(563, 'cofagrigus', '데스니칸', 'ghost', NULL, 483, NULL),
(570, 'zorua', '조로아', 'dark', NULL, 330, NULL),
(571, 'zoroark', '조로아크', 'dark', NULL, 510, NULL),
(574, 'gothita', '고디탱', 'psychic', NULL, 290, NULL),
(576, 'gothitelle', '고디모아젤', 'psychic', NULL, 490, NULL),
(577, 'solosis', '유니란', 'psychic', NULL, 290, NULL),
(579, 'reuniclus', '란쿨루스', 'psychic', NULL, 490, NULL),
(582, 'vanillite', '바닐프티', 'ice', NULL, 305, NULL),
(584, 'vanilluxe', '배바닐라', 'ice', NULL, 535, NULL),
(590, 'foongus', '깜놀버슬', 'grass', 'poison', 294, NULL),
(591, 'amoonguss', '뽀록나', 'grass', 'poison', 464, NULL),
(599, 'klink', '기어르', 'steel', NULL, 300, NULL),
(601, 'klinklang', '기기기어르', 'steel', NULL, 520, NULL),
(602, 'tynamo', '저리어', 'electric', NULL, 275, NULL),
(604, 'eelektross', '저리더프', 'electric', NULL, 515, NULL),
(607, 'litwick', '불켜미', 'ghost', 'fire', 275, NULL),
(609, 'chandelure', '샹델라', 'ghost', 'fire', 520, NULL),
(610, 'axew', '터검니', 'dragon', NULL, 320, NULL),
(612, 'haxorus', '액스라이즈', 'dragon', NULL, 540, NULL),
(613, 'cubchoo', '코고미', 'ice', NULL, 305, NULL),
(614, 'beartic', '툰베어', 'ice', NULL, 505, NULL),
(615, 'cryogonal', '프리지오', 'ice', NULL, 515, NULL),
(622, 'golett', '골비람', 'ground', 'ghost', 303, NULL),
(623, 'golurk', '골루그', 'ground', 'ghost', 483, NULL),
(624, 'pawniard', '자망칼', 'dark', 'steel', 340, NULL),
(625, 'bisharp', '절각참', 'dark', 'steel', 490, NULL),
(626, 'bouffalant', '버프론', 'normal', NULL, 490, NULL),
(627, 'rufflet', '수리둥보', 'normal', 'flying', 350, NULL),
(628, 'braviary', '워글', 'normal', 'flying', 510, NULL),
(629, 'vullaby', '벌차이', 'dark', 'flying', 370, NULL),
(630, 'mandibuzz', '버랜지나', 'dark', 'flying', 510, NULL),
(631, 'heatmor', '앤티골', 'fire', NULL, 484, NULL),
(632, 'durant', '아이앤트', 'bug', 'steel', 484, NULL),
(633, 'deino', '모노두', 'dark', 'dragon', 300, NULL),
(635, 'hydreigon', '삼삼드래', 'dark', 'dragon', 600, NULL),
(643, 'reshiram', '레시라무', 'dragon', 'fire', 680, NULL),
(644, 'zekrom', '제크로무', 'dragon', 'electric', 680, NULL),
(646, 'kyurem', '큐레무', 'dragon', 'ice', 660, NULL),
(650, 'chespin', '도치마론', 'grass', NULL, 313, NULL),
(652, 'chesnaught', '브리가론', 'grass', 'fighting', 530, NULL),
(653, 'fennekin', '푸호꼬', 'fire', NULL, 307, NULL),
(655, 'delphox', '마폭시', 'fire', 'psychic', 534, NULL),
(656, 'froakie', '개구마르', 'water', NULL, 314, NULL),
(658, 'greninja', '개굴닌자', 'water', 'dark', 530, NULL),
(663, 'talonflame', '파이어로', 'fire', 'flying', 499, NULL),
(667, 'litleo', '레오꼬', 'fire', 'normal', 369, NULL),
(668, 'pyroar-male', '화염레오', 'fire', 'normal', 507, NULL),
(669, 'flabebe', '플라베베', 'fairy', NULL, 303, NULL),
(671, 'florges', '플라제스', 'fairy', NULL, 552, NULL),
(682, 'spritzee', '슈쁘', 'fairy', NULL, 341, NULL),
(683, 'aromatisse', '프레프티르', 'fairy', NULL, 462, NULL),
(686, 'inkay', '오케이징', 'dark', 'psychic', 288, NULL),
(687, 'malamar', '칼라마네로', 'dark', 'psychic', 482, NULL),
(700, 'sylveon', '님피아', 'fairy', NULL, 525, NULL),
(701, 'hawlucha', '루차불', 'fighting', 'flying', 500, NULL),
(704, 'goomy', '미끄메라', 'dragon', NULL, 300, NULL),
(706, 'goodra', '미끄래곤', 'dragon', NULL, 600, NULL),
(714, 'noibat', '음뱃', 'flying', 'dragon', 245, NULL),
(715, 'noivern', '음번', 'flying', 'dragon', 535, NULL),
(716, 'xerneas', '제르네아스', 'fairy', NULL, 680, NULL),
(722, 'rowlet', '나몰빼미', 'grass', 'flying', 320, NULL),
(724, 'decidueye', '모크나이퍼', 'grass', 'ghost', 530, NULL),
(725, 'litten', '냐오불', 'fire', NULL, 320, NULL),
(727, 'incineroar', '어흥염', 'fire', 'dark', 530, NULL),
(728, 'popplio', '누리공', 'water', NULL, 320, NULL),
(730, 'primarina', '누리레느', 'water', 'fairy', 530, NULL),
(731, 'pikipek', '콕코구리', 'normal', 'flying', 265, NULL),
(733, 'toucannon', '왕큰부리', 'normal', 'flying', 485, NULL),
(734, 'yungoos', '영구스', 'normal', NULL, 253, NULL),
(735, 'gumshoos', '형사구스', 'normal', NULL, 418, NULL),
(736, 'grubbin', '턱지충이', 'bug', NULL, 300, NULL),
(738, 'vikavolt', '투구뿌논', 'bug', 'electric', 500, NULL),
(739, 'crabrawler', '오기지게', 'fighting', NULL, 338, NULL),
(740, 'crabominable', '모단단게', 'fighting', 'ice', 478, NULL),
(742, 'cutiefly', '에블리', 'bug', 'fairy', 304, NULL),
(743, 'ribombee', '에리본', 'bug', 'fairy', 464, NULL),
(744, 'rockruff', '암멍이', 'rock', NULL, 280, NULL),
(745, 'lycanroc-midday', '루가루암', 'rock', NULL, 487, NULL),
(746, 'wishiwashi-solo', '약어리', 'water', NULL, 175, NULL),
(747, 'mareanie', '시마사리', 'poison', 'water', 305, NULL),
(748, 'toxapex', '더시마사리', 'poison', 'water', 495, NULL),
(749, 'mudbray', '머드나기', 'ground', NULL, 385, NULL),
(750, 'mudsdale', '만마드', 'ground', NULL, 500, NULL),
(751, 'dewpider', '물거미', 'water', 'bug', 269, NULL),
(752, 'araquanid', '깨비물거미', 'water', 'bug', 454, NULL),
(753, 'fomantis', '짜랑랑', 'grass', NULL, 250, NULL),
(754, 'lurantis', '라란티스', 'grass', NULL, 480, NULL),
(755, 'morelull', '자마슈', 'grass', 'fairy', 285, NULL),
(756, 'shiinotic', '마셰이드', 'grass', 'fairy', 405, NULL),
(757, 'salandit', '야도뇽', 'poison', 'fire', 320, NULL),
(758, 'salazzle', '염뉴트', 'poison', 'fire', 480, NULL),
(759, 'stufful', '포곰곰', 'normal', 'fighting', 340, NULL),
(760, 'bewear', '이븐곰', 'normal', 'fighting', 500, NULL),
(761, 'bounsweet', '달콤아', 'grass', NULL, 210, NULL),
(763, 'tsareena', '달코퀸', 'grass', NULL, 510, NULL),
(764, 'comfey', '큐아링', 'fairy', NULL, 485, NULL),
(765, 'oranguru', '하랑우탄', 'normal', 'psychic', 490, NULL),
(766, 'passimian', '내던숭이', 'fighting', NULL, 490, NULL),
(767, 'wimpod', '꼬시레', 'bug', 'water', 230, NULL),
(768, 'golisopod', '갑주무사', 'bug', 'water', 530, NULL),
(769, 'sandygast', '모래꿍', 'ghost', 'ground', 320, NULL),
(770, 'palossand', '모래성이당', 'ghost', 'ground', 480, NULL),
(771, 'pyukumuku', '해무기', 'water', NULL, 410, NULL),
(773, 'silvally', '실버디', 'normal', NULL, 570, NULL),
(774, 'minior-red-meteor', '메테노', 'rock', 'flying', 440, NULL),
(775, 'komala', '자말라', 'normal', NULL, 480, NULL),
(776, 'turtonator', '폭거북스', 'fire', 'dragon', 485, NULL),
(777, 'togedemaru', '토게데마루', 'electric', 'steel', 435, NULL),
(778, 'mimikyu-disguised', '따라큐', 'ghost', 'fairy', 476, NULL),
(779, 'bruxish', '치갈기', 'water', 'psychic', 475, NULL),
(780, 'drampa', '할비롱', 'normal', 'dragon', 485, NULL),
(781, 'dhelmise', '타타륜', 'ghost', 'grass', 517, NULL),
(782, 'jangmo-o', '짜랑꼬', 'dragon', NULL, 300, NULL),
(784, 'kommo-o', '짜랑고우거', 'dragon', 'fighting', 600, NULL),
(785, 'tapu-koko', '카푸꼬꼬꼭', 'electric', 'fairy', 570, NULL),
(786, 'tapu-lele', '카푸나비나', 'psychic', 'fairy', 570, NULL),
(787, 'tapu-bulu', '카푸브루루', 'grass', 'fairy', 570, NULL),
(793, 'nihilego', '텅비드', 'rock', 'poison', 570, NULL),
(794, 'buzzwole', '매시붕', 'bug', 'fighting', 570, NULL),
(795, 'pheromosa', '페로코체', 'bug', 'fighting', 570, NULL),
(796, 'xurkitree', '전수목', 'electric', NULL, 570, NULL),
(797, 'celesteela', '철화구야', 'steel', 'flying', 570, NULL),
(798, 'kartana', '종이신도', 'grass', 'steel', 570, NULL),
(799, 'guzzlord', '악식킹', 'dark', 'dragon', 570, NULL),
(810, 'grookey', '흥나숭', 'grass', NULL, 310, NULL),
(812, 'rillaboom', '고릴타', 'grass', NULL, 530, NULL),
(813, 'scorbunny', '염버니', 'fire', NULL, 310, NULL),
(815, 'cinderace', '에이스번', 'fire', NULL, 530, NULL),
(816, 'sobble', '울머기', 'water', NULL, 310, NULL),
(818, 'inteleon', '인텔리레온', 'water', NULL, 530, NULL),
(823, 'corviknight', '아머까오', 'flying', 'steel', 495, NULL),
(824, 'blipbug', '두루지벌레', 'bug', NULL, 180, NULL),
(826, 'orbeetle', '이올브', 'bug', 'psychic', 505, NULL),
(827, 'nickit', '훔처우', 'dark', NULL, 245, NULL),
(828, 'thievul', '폭슬라이', 'dark', NULL, 455, NULL),
(831, 'wooloo', '우르', 'normal', NULL, 270, NULL),
(832, 'dubwool', '배우르', 'normal', NULL, 490, NULL),
(833, 'chewtle', '깨물부기', 'water', NULL, 284, NULL),
(834, 'drednaw', '갈가부기', 'water', 'rock', 485, NULL),
(835, 'yamper', '멍파치', 'electric', NULL, 270, NULL),
(836, 'boltund', '펄스멍', 'electric', NULL, 490, NULL),
(837, 'rolycoly', '탄동', 'rock', NULL, 240, NULL),
(839, 'coalossal', '석탄산', 'rock', 'fire', 510, NULL),
(840, 'applin', '과사삭벌레', 'grass', 'dragon', 260, NULL),
(842, 'appletun', '단지래플', 'grass', 'dragon', 485, NULL),
(843, 'silicobra', '모래뱀', 'ground', NULL, 315, NULL),
(844, 'sandaconda', '사다이사', 'ground', NULL, 510, NULL),
(845, 'cramorant', '윽우지', 'flying', 'water', 475, NULL),
(846, 'arrokuda', '찌로꼬치', 'water', NULL, 280, NULL),
(847, 'barraskewda', '꼬치조', 'water', NULL, 490, NULL),
(849, 'toxtricity-amped', '스트린더', 'electric', 'poison', 502, NULL),
(850, 'sizzlipede', '태우지네', 'fire', 'bug', 305, NULL),
(851, 'centiskorch', '다태우지네', 'fire', 'bug', 525, NULL),
(853, 'grapploct', '케오퍼스', 'fighting', NULL, 480, NULL),
(854, 'sinistea', '데인차', 'ghost', NULL, 308, NULL),
(855, 'polteageist', '포트데스', 'ghost', NULL, 508, NULL),
(856, 'hatenna', '몸지브림', 'psychic', NULL, 265, NULL),
(858, 'hatterene', '브리무음', 'psychic', 'fairy', 510, NULL),
(859, 'impidimp', '메롱꿍', 'dark', 'fairy', 265, NULL),
(861, 'grimmsnarl', '오롱털', 'dark', 'fairy', 510, NULL),
(868, 'milcery', '마빌크', 'fairy', NULL, 270, NULL),
(869, 'alcremie', '마휘핑', 'fairy', NULL, 495, NULL),
(870, 'falinks', '대여르', 'fighting', NULL, 470, NULL),
(871, 'pincurchin', '찌르성게', 'electric', NULL, 435, NULL),
(872, 'snom', '누니머기', 'ice', 'bug', 185, NULL),
(873, 'frosmoth', '모스노우', 'ice', 'bug', 475, NULL),
(874, 'stonjourner', '돌헨진', 'rock', NULL, 470, NULL),
(875, 'eiscue-ice', '빙큐보', 'ice', NULL, 470, NULL),
(876, 'indeedee-male', '에써르', 'psychic', 'normal', 475, NULL),
(877, 'morpeko-full-belly', '모르페코', 'electric', 'dark', 436, NULL),
(884, 'duraludon', '두랄루돈', 'steel', 'dragon', 535, NULL),
(888, 'zacian', '자시안', 'fairy', NULL, 660, NULL),
(889, 'zamazenta', '자마젠타', 'fighting', NULL, 660, NULL),
(906, 'sprigatito', '나오하', 'grass', NULL, 310, NULL),
(909, 'fuecoco', '뜨아거', 'fire', NULL, 310, NULL),
(912, 'quaxly', '꾸왁스', 'water', NULL, 310, NULL),
(915, 'lechonk', '맛보돈', 'normal', NULL, 254, NULL),
(917, 'tarountula', '타랜툴라', 'bug', NULL, 210, NULL),
(919, 'nymble', '콩알뚜기', 'bug', NULL, 210, NULL),
(921, 'pawmi', '빠모', 'electric', NULL, 240, NULL),
(924, 'tandemaus', '두리쥐', 'normal', NULL, 305, NULL),
(926, 'fidough', '쫀도기', 'fairy', NULL, 312, NULL),
(928, 'smoliv', '미니브', 'grass', 'normal', 260, NULL),
(932, 'nacli', '베베솔트', 'rock', NULL, 280, NULL),
(935, 'charcadet', '카르본', 'fire', NULL, 255, NULL),
(938, 'tadbulb', '빈나두', 'electric', NULL, 272, NULL),
(940, 'wattrel', '찌리비', 'electric', 'flying', 280, NULL),
(942, 'maschiff', '오라티프', 'dark', NULL, 340, NULL),
(944, 'shroodle', '땃쭈르', 'poison', 'normal', 290, NULL),
(946, 'bramblin', '그푸리', 'grass', 'ghost', 275, NULL),
(948, 'toedscool', '들눈해', 'ground', 'grass', 335, NULL),
(950, 'klawf', '절벼게', 'rock', NULL, 450, NULL),
(951, 'capsakid', '캡싸이', 'grass', NULL, 304, NULL),
(953, 'rellor', '구르데', 'bug', NULL, 270, NULL),
(955, 'flittle', '하느라기', 'psychic', NULL, 255, NULL),
(957, 'tinkatink', '어리짱', 'fairy', 'steel', 297, NULL),
(960, 'wiglett', '바다그다', 'water', NULL, 245, NULL),
(963, 'finizen', '맨돌핀', 'water', NULL, 315, NULL),
(965, 'varoom', '부르롱', 'steel', 'poison', 300, NULL),
(969, 'glimmet', '초롱순', 'rock', 'poison', 350, NULL),
(971, 'greavard', '망망이', 'ghost', NULL, 290, NULL),
(999, 'gimmighoul', '모으령', 'ghost', NULL, 300, NULL),
(1007, 'koraidon', '코라이돈', 'fighting', 'dragon', 670, NULL),
(1008, 'miraidon', '미라이돈', 'electric', 'dragon', 670, NULL)
ON CONFLICT DO NOTHING;

-- region_spawn_pool: 296 rows
INSERT INTO "public"."region_spawn_pool" ("id", "living_area_id", "dex_no", "category", "is_legendary") VALUES
(561, 1, 25, '공통', false),
(562, 1, 4, '공통', false),
(563, 1, 1, '공통', false),
(564, 1, 108, '고유', false),
(565, 1, 133, '고유', false),
(566, 1, 143, '고유', false),
(567, 1, 129, '고유', false),
(568, 1, 150, '고유', true),
(569, 4, 92, '공통', false),
(570, 4, 63, '공통', false),
(571, 4, 66, '공통', false),
(572, 4, 58, '고유', false),
(573, 4, 37, '고유', false),
(574, 4, 147, '고유', false),
(575, 4, 131, '고유', false),
(576, 4, 151, '고유', true),
(577, 9, 123, '공통', false),
(578, 9, 124, '공통', false),
(579, 9, 10, '공통', false),
(580, 10, 123, '공통', false),
(581, 10, 124, '공통', false),
(582, 10, 10, '공통', false),
(583, 11, 123, '공통', false),
(584, 11, 124, '공통', false),
(585, 11, 10, '공통', false),
(586, 12, 123, '공통', false),
(587, 12, 124, '공통', false),
(588, 12, 10, '공통', false),
(589, 9, 13, '고유', false),
(590, 9, 16, '고유', false),
(591, 9, 19, '고유', false),
(592, 9, 32, '고유', false),
(593, 9, 144, '고유', true),
(594, 10, 29, '고유', false),
(595, 10, 35, '고유', false),
(596, 10, 43, '고유', false),
(597, 10, 52, '고유', false),
(598, 10, 56, '고유', false),
(599, 11, 54, '고유', false),
(600, 11, 60, '고유', false),
(601, 11, 64, '고유', false),
(602, 11, 69, '고유', false),
(603, 11, 72, '고유', false),
(604, 12, 74, '고유', false),
(605, 12, 77, '고유', false),
(606, 12, 79, '고유', false),
(607, 12, 81, '고유', false),
(608, 12, 84, '고유', false),
(609, 2, 252, '공통', false),
(610, 2, 255, '공통', false),
(611, 2, 258, '공통', false),
(612, 2, 108, '고유', false),
(613, 2, 285, '고유', false),
(614, 2, 287, '고유', false),
(615, 2, 304, '고유', false),
(616, 2, 382, '고유', true),
(617, 7, 309, '공통', false),
(618, 7, 328, '공통', false),
(619, 7, 371, '공통', false),
(620, 7, 374, '고유', false),
(621, 7, 349, '고유', false),
(622, 7, 359, '고유', false),
(623, 7, 333, '고유', false),
(624, 7, 383, '고유', true),
(625, 30, 331, '공통', false),
(626, 30, 318, '공통', false),
(627, 30, 322, '공통', false),
(628, 31, 331, '공통', false),
(629, 31, 318, '공통', false),
(630, 31, 322, '공통', false),
(631, 32, 331, '공통', false),
(632, 32, 318, '공통', false),
(633, 32, 322, '공통', false),
(634, 33, 331, '공통', false),
(635, 33, 318, '공통', false),
(636, 33, 322, '공통', false),
(637, 30, 4, '고유', false),
(638, 30, 270, '고유', false),
(639, 30, 273, '고유', false),
(640, 30, 296, '고유', false),
(641, 30, 384, '고유', true),
(642, 31, 302, '고유', false),
(643, 31, 303, '고유', false),
(644, 31, 307, '고유', false),
(645, 31, 335, '고유', false),
(646, 31, 336, '고유', false),
(647, 32, 353, '고유', false),
(648, 32, 355, '고유', false),
(649, 32, 361, '고유', false),
(650, 32, 363, '고유', false),
(651, 32, 352, '고유', false),
(652, 33, 320, '고유', false),
(653, 33, 290, '고유', false),
(654, 33, 292, '고유', false),
(655, 33, 341, '고유', false),
(656, 33, 343, '고유', false),
(657, 3, 810, '공통', false),
(658, 3, 813, '공통', false),
(659, 3, 816, '공통', false),
(660, 3, 108, '고유', false),
(661, 3, 824, '고유', false),
(662, 3, 827, '고유', false),
(663, 3, 831, '고유', false),
(664, 3, 888, '고유', true),
(665, 26, 833, '공통', false),
(666, 26, 835, '공통', false),
(667, 26, 837, '공통', false),
(668, 27, 833, '공통', false),
(669, 27, 835, '공통', false),
(670, 27, 837, '공통', false),
(671, 28, 833, '공통', false),
(672, 28, 835, '공통', false),
(673, 28, 837, '공통', false),
(674, 29, 833, '공통', false),
(675, 29, 835, '공통', false),
(676, 29, 837, '공통', false),
(677, 26, 840, '고유', false),
(678, 26, 843, '고유', false),
(679, 26, 845, '고유', false),
(680, 26, 846, '고유', false),
(681, 26, 889, '고유', true),
(682, 27, 849, '고유', false),
(683, 27, 850, '고유', false),
(684, 27, 853, '고유', false),
(685, 27, 854, '고유', false),
(686, 27, 856, '고유', false),
(687, 28, 859, '고유', false),
(688, 28, 868, '고유', false),
(689, 28, 870, '고유', false),
(690, 28, 871, '고유', false),
(691, 28, 872, '고유', false),
(692, 29, 874, '고유', false),
(693, 29, 875, '고유', false),
(694, 29, 876, '고유', false),
(695, 29, 877, '고유', false),
(696, 29, 884, '고유', false),
(697, 5, 906, '공통', false),
(698, 5, 909, '공통', false),
(699, 5, 912, '공통', false),
(700, 5, 915, '고유', false),
(701, 5, 917, '고유', false),
(702, 5, 919, '고유', false),
(703, 5, 921, '고유', false),
(704, 5, 1007, '고유', true),
(705, 22, 924, '공통', false),
(706, 22, 926, '공통', false),
(707, 22, 928, '공통', false),
(708, 23, 924, '공통', false),
(709, 23, 926, '공통', false),
(710, 23, 928, '공통', false),
(711, 24, 924, '공통', false),
(712, 24, 926, '공통', false),
(713, 24, 928, '공통', false),
(714, 25, 924, '공통', false),
(715, 25, 926, '공통', false),
(716, 25, 928, '공통', false),
(717, 22, 932, '고유', false),
(718, 22, 935, '고유', false),
(719, 22, 938, '고유', false),
(720, 22, 940, '고유', false),
(721, 22, 1008, '고유', true),
(722, 23, 942, '고유', false),
(723, 23, 944, '고유', false),
(724, 23, 946, '고유', false),
(725, 23, 948, '고유', false),
(726, 23, 950, '고유', false),
(727, 24, 951, '고유', false),
(728, 24, 953, '고유', false),
(729, 24, 955, '고유', false),
(730, 24, 957, '고유', false),
(731, 24, 960, '고유', false),
(732, 25, 963, '고유', false),
(733, 25, 965, '고유', false),
(734, 25, 969, '고유', false),
(735, 25, 971, '고유', false),
(736, 25, 999, '고유', false),
(737, 6, 495, '공통', false),
(738, 6, 498, '공통', false),
(739, 6, 501, '공통', false),
(740, 6, 108, '고유', false),
(741, 6, 522, '고유', false),
(742, 6, 551, '고유', false),
(743, 6, 554, '고유', false),
(744, 6, 643, '고유', true),
(745, 8, 561, '공통', false),
(746, 8, 562, '공통', false),
(747, 8, 559, '공통', false),
(748, 8, 570, '고유', false),
(749, 8, 574, '고유', false),
(750, 8, 577, '고유', false),
(751, 8, 527, '고유', false),
(752, 8, 644, '고유', true),
(753, 17, 582, '공통', false),
(754, 17, 590, '공통', false),
(755, 17, 599, '공통', false),
(756, 18, 582, '공통', false),
(757, 18, 590, '공통', false),
(758, 18, 599, '공통', false),
(759, 19, 582, '공통', false),
(760, 19, 590, '공통', false),
(761, 19, 599, '공통', false),
(762, 17, 602, '고유', false),
(763, 17, 607, '고유', false),
(764, 17, 610, '고유', false),
(765, 17, 613, '고유', false),
(766, 17, 646, '고유', true),
(767, 18, 615, '고유', false),
(768, 18, 627, '고유', false),
(769, 18, 629, '고유', false),
(770, 18, 622, '고유', false),
(771, 18, 624, '고유', false),
(772, 19, 626, '고유', false),
(773, 19, 631, '고유', false),
(774, 19, 632, '고유', false),
(775, 19, 633, '고유', false),
(776, 19, 538, '고유', false),
(777, 13, 387, '공통', false),
(778, 13, 390, '공통', false),
(779, 13, 393, '공통', false),
(780, 14, 387, '공통', false),
(781, 14, 390, '공통', false),
(782, 14, 393, '공통', false),
(783, 13, 108, '고유', false),
(784, 13, 403, '고유', false),
(785, 13, 406, '고유', false),
(786, 13, 448, '고유', false),
(787, 13, 483, '고유', true),
(788, 14, 443, '고유', false),
(789, 14, 410, '고유', false),
(790, 14, 422, '고유', false),
(791, 14, 425, '고유', false),
(792, 14, 200, '고유', false),
(793, 15, 155, '공통', false),
(794, 15, 158, '공통', false),
(795, 15, 152, '공통', false),
(796, 16, 155, '공통', false),
(797, 16, 158, '공통', false),
(798, 16, 152, '공통', false),
(799, 15, 108, '고유', false),
(800, 15, 197, '고유', false),
(801, 15, 196, '고유', false),
(802, 15, 212, '고유', false),
(803, 15, 249, '고유', true),
(804, 16, 214, '고유', false),
(805, 16, 246, '고유', false),
(806, 16, 227, '고유', false),
(807, 16, 241, '고유', false),
(808, 16, 116, '고유', false),
(809, 20, 650, '공통', false),
(810, 20, 653, '공통', false),
(811, 20, 656, '공통', false),
(812, 21, 650, '공통', false),
(813, 21, 653, '공통', false),
(814, 21, 656, '공통', false),
(815, 20, 108, '고유', false),
(816, 20, 667, '고유', false),
(817, 20, 669, '고유', false),
(818, 20, 700, '고유', false),
(819, 20, 716, '고유', true),
(820, 21, 704, '고유', false),
(821, 21, 714, '고유', false),
(822, 21, 686, '고유', false),
(823, 21, 682, '고유', false),
(824, 21, 701, '고유', false),
(825, 34, 722, '공통', false),
(826, 34, 725, '공통', false),
(827, 34, 728, '공통', false),
(828, 35, 722, '공통', false),
(829, 35, 725, '공통', false),
(830, 35, 728, '공통', false),
(831, 34, 731, '고유', false),
(832, 34, 734, '고유', false),
(833, 34, 736, '고유', false),
(834, 34, 739, '고유', false),
(835, 34, 787, '고유', true),
(836, 35, 108, '고유', false),
(837, 35, 744, '고유', false),
(838, 35, 746, '고유', false),
(839, 35, 747, '고유', false),
(840, 35, 749, '고유', false),
(841, 36, 751, '공통', false),
(842, 36, 753, '공통', false),
(843, 36, 757, '공통', false),
(844, 36, 759, '고유', false),
(845, 36, 761, '고유', false),
(846, 36, 764, '고유', false),
(847, 36, 765, '고유', false),
(848, 36, 766, '고유', false),
(849, 37, 767, '공통', false),
(850, 37, 769, '공통', false),
(851, 37, 771, '공통', false),
(852, 37, 773, '고유', false),
(853, 37, 774, '고유', false),
(854, 37, 775, '고유', false),
(855, 37, 776, '고유', false),
(856, 37, 777, '고유', false)
ON CONFLICT DO NOTHING;

SELECT setval(pg_get_serial_sequence('public.region_spawn_pool','id'), (SELECT COALESCE(MAX(id),1) FROM public.region_spawn_pool));
